epoch,time,train/box_loss,train/cls_loss,train/dfl_loss,metrics/precision(B),metrics/recall(B),metrics/mAP50(B),metrics/mAP50-95(B),val/box_loss,val/cls_loss,val/dfl_loss,lr/pg0,lr/pg1,lr/pg2
1,66.8133,1.48294,2.06113,1.54796,0.65527,0.31165,0.33224,0.18452,1.45355,1.24397,1.09132,0.000833,0.000833,0.000833
2,120.84,0.9244,0.85275,1.11437,0.73887,0.40788,0.51499,0.31301,1.3803,0.99622,1.03741,0.00055811,0.00055811,0.00055811
3,177.095,0.80534,0.66686,1.05169,0.66521,0.58272,0.58301,0.3564,1.28033,0.8103,1.00078,0.00028322,0.00028322,0.00028322
